time,gx,gy,gz,ax,ay,az
0.0900439453125,-2.0318741294861886,1.0292305338586434,-0.9203311716707236,0.04881722240000963,0.15873122999332845,-0.007755436432361602
0.100072998046875,-1.567595008862334,0.0468238816073464,-1.063641773949108,0.10784648060426115,0.1227878830179572,-0.1679459983885288
0.11010205078125,-0.7426766706982225,1.7702108630434696,-0.6720132410925631,0.10049085714444518,0.08273359359242022,-0.2863730558484793
0.120130859375,0.8274832342800099,4.481774192310552,-0.2649087535568123,0.04149579347074032,0.07146854160390793,-0.37226036423146724
0.130159912109375,3.4193805287105583,6.135287858289769,0.0726122413244014,-0.01404649940058589,0.0151402129214257,-0.487969394904375
0.140188232421875,7.106987708769395,6.4304386884594145,0.29819818843695534,-0.04114318064078688,-0.03492686340920627,-0.6019838966190815
0.150217041015625,10.596096784942967,6.015856451123396,0.6377317212354758,0.02248012735545635,-0.046323067496716976,-0.677401833435893
0.16024609375,13.107830550323456,5.262453715385608,0.39046307846855854,0.0652580695912242,-0.08250504553355276,-0.6473866344004869
0.170275146484375,13.669097930274669,4.383500576758763,0.3044594975543001,0.07434592367112636,-0.035071167250722644,-0.5621989987194538
0.180303955078125,14.348067398871773,4.647798161786991,0.7792061765658904,0.12078911041617393,-0.014175897933915257,-0.5384101268529892
0.1903330078125,15.414246267932423,5.6951308313802835,0.5466317253029035,-0.026092764894664285,-0.027551220074668526,-0.5378682750612497
0.20036181640625,17.377273371245355,6.634767212574931,0.27032557381630845,-0.10408844324499368,-0.04760828500166535,-0.41964580026268955
0.210390869140625,20.47229163136659,8.685484553320716,0.08112323732951247,-0.08647051509842275,-0.04420249514617026,-0.4167074087232351
0.2204189453125,24.388978233545778,10.059705807722587,0.3697584805775756,0.03983355934694409,0.031721491496637465,-0.4266939652085304
0.230447998046875,27.165212782082303,11.040014684764191,1.3072094146812303,0.1131523319274187,0.060463236530125135,-0.41035891647934913
0.240476806640625,28.75459780194427,11.744727136343073,1.8910870686627126,0.04714344396889209,0.046209670250117775,-0.27761224176585675
0.250505859375,30.877724539402298,10.893115244963788,1.8791715902122137,0.024004852704703806,0.052200142836570734,-0.2435498131662607
0.260534912109375,32.80947279141115,10.800372375092417,1.6600705408607233,0.060196402287483214,0.07971227300986647,-0.23954642274379728
0.270563720703125,33.967719195388995,13.770667112100991,1.629139388874086,0.15336509985029698,0.10491992563307284,-0.18924129987359045
0.2805927734375,35.73221319009716,16.25484277172777,1.6174663821391226,0.17417795158065855,0.12290595643967389,-0.08772329163849353
0.2906220703125,39.12372996208865,15.414333352844341,1.525199917962359,0.09316913595423101,0.07880231855809688,0.02403086392879486
0.30064990234375,43.826793318884334,13.284587308306925,1.2690964255040302,0.041112931632995606,-0.08074614610224962,0.10846621993780135
0.310678955078125,49.65522937918258,13.043066696613396,1.3318879553695442,0.05637567495554685,-0.10773936696797609,0.1047434000223875
0.3207080078125,55.536975065952774,8.287986326646191,2.458215391252031,0.11838723690621554,0.17881255257874726,-0.08508242174088955
0.33073681640625,55.82252819967808,1.9432376974098755,0.5639759234830931,0.020074527518451214,0.03355623264312744,0.19026129057109356
0.340765869140625,53.599233322947235,-0.8687587077646316,-0.6205943497210906,0.016042422458156944,0.034371494548767804,0.28881401925981043
0.350794921875,48.69133942313204,-2.942814324656674,-1.5520771392331822,0.1027127709776163,0.1734505871541798,0.3913105171382427
0.360823974609375,43.489832766370924,-5.372242602991217,-1.5351551321210641,0.08860891536660492,0.1551211497373879,0.4645259754747152
0.37085302734375,39.841698957072886,-8.26552866465519,-1.2040259603332593,-0.020459142921864987,0.03235314046368003,0.44320787763595576
0.380880615234375,36.65172740711013,-8.735621556923194,-1.3334205857862715,-0.20921762771457433,-0.0653621144875884,0.3344686859756708
0.39090966796875,32.50922109059198,-8.30844957339955,-1.834498951389157,-0.16184965427480638,-0.007038081943243742,0.5039677590250968
0.400938720703125,25.515554757889557,-10.552682395031074,-1.6913104387421865,0.10392609229013323,0.15490210015922784,0.8593167359441518
0.410967529296875,18.248503273468206,-12.850237649739242,-0.523731488398026,0.34598690900765355,0.26928718875199553,1.159662787565589
0.420996826171875,11.026931457409033,-15.22468802789706,-0.32858684731267923,0.14879881484806537,0.2941699933350086,1.2676789256483316
0.43102587890625,6.399850113148336,-20.07309610268332,-0.9621046086345216,-0.05330846940465271,0.17871961359828709,1.2373264574825762
0.441054931640625,5.080010824918105,-27.89646137236033,-0.539619255459416,-0.10285919371098279,0.022943799344450233,1.0216717824578285
0.451083740234375,6.515811784216343,-35.57788506580072,0.5593323019819836,-0.059930152566730975,-0.1053759988375008,0.7299070966988801
0.46111181640625,9.423145837455738,-41.98337307322208,1.0311340222029612,0.0479340098246932,-0.11787468427419662,0.4042126688092947
0.471140625,11.25275629438987,-47.463985165132016,0.12017745859085203,-0.0067367609091103075,-0.1258965165577829,0.2826671870678663
0.481169677734375,11.261881427121008,-53.380701420452674,-0.7759712282202431,-0.17772168860211968,-0.07155439325645566,0.3463070078074932
0.491198974609375,10.350356823889664,-59.50430069063844,-0.7704917089586003,-0.2202477019034326,-0.028384382963180542,0.378954308912158
0.501227783203125,8.264937853291983,-65.89860084819931,-1.6894675683267524,-0.2156133201010525,-0.013006927219778298,0.3007622312068939
0.5112568359375,6.387433683010899,-74.98818244470644,-2.4395064358983083,-0.2510562432736158,-0.002560059746354818,0.22945289875268934
0.521285888671875,6.791456021003255,-80.3414388293523,-1.6948318281461512,-0.08536927585825324,0.012583879502117633,-0.14627601837217807
0.531314697265625,8.927607075434851,-79.37181834458812,-1.231812237093929,0.20184242277145384,-0.028280045805871484,-0.4574807331383228
0.54134375,11.281702636092385,-76.55475463274055,-2.5536657907990783,0.3986695015989244,-0.1714990146949887,-0.4677373387366533
0.551371826171875,11.91927688945098,-79.9348923095748,-3.733443298918323,0.3894061448216438,-0.16368980224877594,-0.20430852062404153
0.56140087890625,12.469005518573104,-86.23214913940814,-5.355803618319466,0.1268552785873413,0.049450844128429886,-0.04271510613262653
0.571429931640625,12.933745250079111,-91.02807574815931,-5.724783243888248,0.0012625672817230223,0.26468729374110694,-0.04101005578041077
0.581458984375,11.347380027603934,-90.26041712696325,-4.665060184253729,0.05943272443860769,0.2411255086287856,0.009466332003474236
0.59148779296875,5.901158365051841,-87.104494070013,-3.3223747670234522,0.11427110682427882,0.11096154388487338,0.008906360033154486
0.601516845703125,-2.020090559064036,-87.19534241616334,-0.9447656398179153,0.14012187965661285,0.06931932768076658,0.029376316609978675
0.6115458984375,-12.240417016299347,-91.91771471774264,1.2145192653325145,0.05105214184522629,0.1066147468522191,0.16971709971427917
0.62157470703125,-21.44778437126969,-96.11627981187368,4.143107800051933,0.018427929355204105,0.2504451256379485,0.2792553327977657
0.631603759765625,-29.0756098627457,-98.6071883304748,7.134210281480128,0.09142740685343742,0.3070738985717296,0.31842472914755343
0.6416318359375,-33.466799951849424,-103.69138990333553,9.775201108034876,0.2904097640186548,0.2142813408449292,0.2758434785276651
0.651660888671875,-30.055158027468494,-107.14100426440714,8.748508416339716,0.10107610968649387,0.024294629431515932,-0.6330617564499378
0.66168994140625,-25.313869516982837,-100.28940928153557,5.858692517660933,-0.39216742622852324,-0.2474728318288922,-1.428902337783575
0.67171875,-22.692743441855423,-81.50636174324383,4.400108608612472,-0.4289847064942121,-0.3361033014401793,-1.5523305645316838
0.681747802734375,-23.91796326573982,-62.66234793642055,2.8196032615583446,-0.38649084189683197,-0.19898893303647636,-1.3109738774955273
0.69177685546875,-26.589279278435782,-53.618716437554696,3.422572788373893,-0.028914836578071115,-0.08041238410323857,-0.5605377875089645
0.7018056640625,-28.520737247404913,-50.307526105297136,4.5345263045915,0.24752310071140526,0.2367138296663761,-0.0040974984467029565
0.711834716796875,-27.768658287705637,-48.304982942541095,5.466363890414462,0.12005319735705852,0.42390068122819063,0.34738135904073714
0.721863037109375,-25.13770698545716,-49.94325845648201,5.513589952770046,-0.023246727813780305,0.28702903553918,0.5056447523266077
0.731891845703125,-21.205746372746532,-52.09812166791851,4.399262092042213,-0.0008951952740550041,0.13906930186375974,0.5650310072749852
0.7419208984375,-16.556880567014904,-55.96521768162882,4.094132355495179,0.13438099791705607,0.19616306196078656,0.3097042470753193
0.751949951171875,-10.377864556998244,-55.43018164318504,4.453558253962407,0.28747546413242814,0.23235694963112472,0.1298626437097788
0.761978759765625,-5.453670410728816,-53.484270993932164,4.5513823576894445,0.27214696209728717,0.28460692295879125,0.12391045730710029
0.7720078125,-0.9766195076727392,-48.90422617427758,5.389054259859557,0.36596330991387366,0.21641762222126126,0.3139911306142807
0.782036865234375,2.1678964930333464,-42.063986380901156,6.2912757185545205,0.46140521310567856,0.22369798848778008,0.4960071554094553
0.79206591796875,6.772834790891684,-39.780138462083556,7.720566653800089,0.4935884038299322,0.18868132790327072,0.6756202107161283
0.802094970703125,13.068137759735574,-42.33467360789793,7.564973236959906,0.42670039494931694,0.09355959657654166,0.6217822375446558
0.812123046875,18.67084460570136,-43.84457571638846,6.637299505209714,0.20463234575092792,0.008130991746485234,0.2267670206695795
0.82215185546875,20.37226009587717,-43.34202747273185,6.742752930239656,0.23751287108957767,-0.05312456420511007,0.2640057412177324
0.832180908203125,19.715370067545777,-41.98142988440321,8.450754003435826,0.38307986440956593,0.01873553399965167,0.4149678715795278
0.8422099609375,19.11771314724403,-39.44334524920482,9.112420895317996,0.40054420942962166,0.13828341218307613,0.3588391571223736
0.852239013671875,15.627336217205775,-37.87382241944925,8.766319842147817,0.42991292725503444,0.17654226955920457,0.3919979148805141
0.86226806640625,9.880327110871482,-36.27328028557806,8.29190856277707,0.45484161680638785,0.14091200712099672,0.4978922385036945
0.872297119140625,4.0487611163860775,-36.19372224212575,9.146762232691174,0.39587329500913615,0.046538171552121636,0.4911164607584476
0.882325927734375,0.4723906105934797,-38.45186815909659,10.186541566836079,0.2896183213800192,-0.004388005825877189,0.4809060323894024
0.89235498046875,1.1326179333863626,-36.55078404136651,10.873831059615904,0.1326981593966484,-0.02093538213148713,0.173811091029644
0.902382568359375,3.8102760968917964,-31.08568330906168,10.74139966802488,-0.05953355446457863,-0.13119900688007474,-0.33569618194401263
0.91241162109375,6.265369237919486,-24.498141731955506,10.740759337790191,-0.03544073121547699,-0.26072657341659067,-0.4667483276993036
0.92244091796875,7.422321321049605,-20.452197214828413,10.262792944956454,-0.14428572133779524,-0.2903092262536287,-0.40084114654958247
0.9324697265625,7.172837562557488,-19.29720710353738,10.109932457557923,-0.2816051107943058,-0.21851167189106344,-0.22852526251375674
0.942498779296875,4.895372028632443,-23.382488387641867,10.970742052428276,-0.3831926771342754,-0.15014701458662746,0.019889526340365407
0.95252783203125,1.6543924125046212,-35.09400031405117,13.10572941338003,-0.35118893463015555,-0.09975903573855757,0.33681437231898304
0.962556640625,-2.5500906136554,-47.65167876352396,15.01496877697911,-0.06720891139805317,-0.01757511191815138,0.5319774634569883
0.972585693359375,-7.2493826388121745,-54.903290605326504,16.14989520758323,0.17637012786269188,0.036762042947113514,0.6391852077662944
0.98261474609375,-10.448876326251574,-57.64332685880925,17.537239816701636,0.37738428311645983,0.11745046751275658,0.6769423992305994
0.992642822265625,-10.684108041266812,-56.63681652233783,17.201828009582528,0.43916181711554525,0.15169775115996598,0.45638533911705015
1.002671875,-6.090159944669849,-50.9224446211788,13.713532579693833,0.09825462252497673,0.07143310496434568,-0.022175006929039953
1.012700927734375,0.8754514927384508,-37.234035184799566,8.136568716709824,-0.22433657865226267,-0.016545184348523617,-0.7753039892613888
1.022729736328125,6.017434651708492,-24.507396638280873,4.4387388778975945,-0.32529403039515015,-0.07900193278342485,-0.9794985281169414
1.0327587890625,6.66877002869737,-21.116600451246818,3.350032550850361,-0.21827567117810248,-0.11157689930424093,-0.7437164263427257
1.042787841796875,3.1407092374608614,-25.137442315626824,5.0993304418723095,-0.09961188235282897,-0.15728066585883496,-0.27667817578613757
1.052816650390625,-1.071134918355435,-33.47137276349875,8.021873618846032,0.08365677285194396,-0.18104849493727088,0.11945172433257102
1.062845703125,-4.056013496624161,-38.957257761447934,9.886650158495621,0.10790741701126098,-0.1701663047865033,0.4213356530457735
1.072874755859375,-5.973583983463364,-40.572737519033936,11.473739381022817,0.11112579453587532,-0.16941577868014573,0.6042483344197273
1.08290380859375,-7.05137332033939,-41.564924948815836,10.22421176765599,0.2882230676293373,-0.1237383156105876,0.7619570164322853
1.092931884765625,-9.913858217054367,-39.76093538523207,5.932472647962234,0.5967956803262233,-0.04426657335832715,0.7396399706840515
1.102960693359375,-11.441751897592354,-30.14103058080848,4.2166061850499705,0.922331118261814,-0.05149769365563989,0.4612713575929403
1.11298974609375,-11.034914241001484,-15.047757100089758,5.970593641267367,1.0908785896748303,-0.25764380497038364,-0.002717442265152931
1.123018798828125,-9.692324446419589,-1.808910714880762,8.641691087909887,0.7838999681711196,-0.42991526534259317,-0.26598785494565963
1.1330478515625,-7.412447428830705,3.6723668935864224,12.10848764361232,0.12888766119778156,-0.5743871569022536,-0.2994821282684803
1.14307666015625,-5.900057423934999,-4.491680527928009,16.12318063019202,-0.49024903027415273,-0.6986864673964679,0.050257776597142215
1.15310595703125,-8.401954009363378,-18.49560073461905,21.478216279116683,-0.8460182784318924,-0.8354374093152582,0.6038368310093879
1.163135009765625,-14.326895519992027,-30.977397489960296,28.09338938651014,-0.8729770125061274,-0.7962963622771203,0.9264595963686704
1.173163818359375,-20.475208122142188,-38.202361348716025,35.39672112825531,-0.6867050838321447,-0.658658554521203,0.7077402730762958
1.18319189453125,-24.98322005926252,-45.785230535075016,40.52275760978237,-0.5497574502974748,-0.36796485899463294,0.3144002959370613
1.193220703125,-27.07899188909465,-49.92887407808997,44.26372735027922,-0.38307226562499996,-0.2885923393331468,0.01976736126542091
1.203249755859375,-25.840695668044262,-49.17429868424906,48.125499231531506,-0.12249591433405875,-0.22559520041123032,-0.0563800588697195
1.21327880859375,-24.34815931551849,-48.16447570603018,50.44620968129966,-0.019845687198638915,-0.14620982126817106,-0.05914601645171642
1.223307861328125,-25.322632649687964,-50.53035078168505,51.11173989893112,-0.05974982756376266,-0.18027889880426226,0.2045861685216427
1.2333369140625,-30.22851505879259,-57.872534346976536,52.11993387703294,-0.0674596712887287,-0.1664828670334071,0.6389245110034942
1.243365966796875,-36.594801195472655,-64.00040931558273,54.078354017750705,-0.23276479977965353,-0.47354887455962597,0.8012427326381206
1.253394775390625,-41.20879547039679,-68.15584176510512,53.3010682449195,-0.510056723549962,-0.7376946818351745,0.48061318692266936
1.263423828125,-43.13976508084026,-71.23931700552905,48.482175125084154,-0.8919991083621979,-0.7317433722153306,0.12824644068479538
1.273452880859375,-41.76624477460196,-73.64925363151966,41.78168100212619,-0.9527145660877228,-0.7024858596794307,-0.122737906396389
1.28348095703125,-40.58040782147186,-71.27077685684613,35.39250690153741,-0.7025538103491068,-0.5512312491770833,-0.40122868456244465
1.293510009765625,-31.993845751674083,-71.99827396572252,32.27013714888486,-0.1937888801753521,-0.4319899892574176,-0.591924859419465
1.3035390625,-20.820993279063252,-70.1486519082939,28.64797854900037,0.16210136401355266,-0.4395962630100548,-0.358000952732563
1.31356787109375,-11.452854370088211,-65.1696967203539,22.120009881835053,0.35863048280775545,-0.35019374958034605,-0.24621464846134183
1.323596923828125,-5.465427727611347,-59.611575641742654,17.314468074279795,0.6884247472316026,-0.18682766286060212,-0.2049637696623802
1.3336259765625,-4.592463811112956,-57.50562341495262,16.350753995600382,0.9267857595831155,0.06863799435310065,0.2142787104964256
1.34365478515625,-5.68760268225446,-59.915887890023406,18.205368921312285,0.8312444876700639,0.17098421530695632,0.3544581655591726
1.353683837890625,-7.744204230970211,-65.77320540522705,19.50451700522561,0.5261421814322471,0.1751904165588319,0.5942015721797943
1.363712890625,-6.689013428736819,-69.58400016960894,20.423554816543966,0.2625076116144657,0.14585985705303028,0.5885504145503043
1.373741943359375,-1.564461446137179,-65.68869547462648,22.102908795700632,0.17704466612339018,0.10856933325240388,0.16780395956933497
1.38377001953125,4.862189688984052,-62.944585013303815,24.320652436183554,0.14024784412384034,0.2703514752489514,-0.1900976244419813
1.393798828125,10.396220690392653,-64.17606129046794,27.231260711356327,0.15528759234547615,0.6179857678711413,-0.2348094573497772
1.403827880859375,13.903712366943669,-63.243323827221836,29.476791268930153,0.19243629652261732,0.7360283560581505,-0.0672854837656021
1.41385693359375,17.95292171449403,-56.4446764707962,27.68236226263711,0.17750410032868386,0.5720072394957766,-0.13030746486783026
1.4238857421875,22.456767236220653,-50.68364413232223,22.688952686866067,0.20718378379940985,0.3347382601646706,-0.3996443379804492
1.433914794921875,25.137471343930795,-46.97774741321339,19.204036493069236,0.542630959418416,0.37185393885504453,-0.41162002245634793
1.443944091796875,26.437169258072306,-47.55782513413882,18.295771597619282,0.9346797277033329,0.42550391517374664,-0.1203089256837964
1.45397314453125,26.967186815023418,-56.78497698581375,16.74095587269404,0.823566208127141,0.49018422140963375,0.07013590476065874
1.464001953125,24.41419187686688,-67.96132480773234,13.367984771846427,0.5350304212868213,0.46391515009999273,-0.03534662319123745
1.47402978515625,16.32495295601066,-72.7308322447739,8.024872071891668,0.3537695987731218,0.5605890062395483,-0.49342444543987507
1.48405859375,6.425858192847275,-77.57086821518502,5.965149980498867,0.2952899372756481,0.5424450083922594,-0.9346510861307382
1.494087646484375,0.8265811157010393,-83.2041418652339,9.549850969201353,0.23808044184446334,0.55051612317767,-1.110234447529912
1.50411669921875,1.9093296501621704,-81.65646198044404,17.544114402101254,-0.010310381612181663,0.8201620257068425,-1.2449983072847126
1.514145751953125,7.484391518905742,-76.35788809029327,23.26447637916239,-0.3877338276952505,0.8014644125647843,-1.2574527151882648
1.5241748046875,11.25259493117073,-74.3087766977761,21.575099097398727,-0.6555582504183054,0.5758107964972033,-1.2231456641778349
1.534203857421875,13.979845924300863,-75.25908140756748,17.703356847505518,-0.4559124609082937,0.3791331726104021,-1.1324611846461892
1.544232666015625,14.99832360597179,-77.72258037702933,14.394702222977328,-0.19806699588596818,0.07869593557417393,-0.6683873368531466
1.55426171875,13.652012212065882,-82.76021372012892,10.33491035108168,-0.42567631259858607,0.09642634765189141,0.16040741957724095
1.564290771484375,14.984883501232497,-87.65270554336574,5.3752700843408245,-0.7587211032509803,0.09458908575475215,0.4691925059810281
1.574318603515625,19.466257700589782,-93.49374671777724,1.2774053506293508,-0.9279775997161864,0.02674114580079913,0.16087152995765208
1.584347900390625,23.58887792133944,-100.69255436710641,-2.38181993882885,-1.0153262128233909,0.18459137344220652,-0.23877368480563163
1.594376953125,23.505556443654452,-107.70411921052884,-6.195355956945447,-0.9652332713991403,0.2188066910485737,-0.6470268611773848
1.60440576171875,17.24612690899194,-108.79998891191154,-12.04101305857541,-0.6804571293532848,0.0757823040166404,-0.7772507394149899
1.614434814453125,9.354230936277602,-104.64973374578001,-15.681450098452492,-0.19490005628764628,0.14043212378271855,-0.6883665873035788
1.6244638671875,8.256406947018638,-100.77697550524776,-16.52782494228567,0.3213970229566097,0.14432248228476383,-0.8002230342015624
1.63449267578125,12.394348989623925,-95.78416869367098,-14.972881151313493,0.83895433139503,0.0945964836099185,-0.8189321185857057
1.644521728515625,19.385985902369207,-90.5204697494223,-13.599178137514896,1.0188801059126853,0.0892035202588886,-0.5943775132685899
1.65455078125,23.0280715791572,-86.48823342195944,-14.726768944950424,0.6829997995734214,0.14579510298743842,-0.13151786357089876
1.66457958984375,16.94408740615751,-80.83550739315434,-16.63671011048672,0.40385260332524775,0.23105284476261584,0.5075615457333624
1.67460791015625,5.61628227382801,-70.38063245326421,-16.879127184508814,0.6877858648061752,0.1546153739060275,0.6501240965403616
1.68463671875,-1.6420491934573505,-59.3191547528069,-14.011374931283287,0.8381389233589172,0.05584015243989415,0.28403073050603267
1.694665771484375,-3.24132347346385,-58.91647412009963,-9.687835304587598,0.6016232466131448,0.18947331853117794,0.014378215572983025
1.70469482421875,-0.973379116520097,-62.54329090899806,-8.390486975520572,0.29239596939980983,0.26079487114613875,-0.11795140277221798
1.7147236328125,-0.21906977989169646,-60.01106657610753,-10.5471303050095,0.09157353732585906,0.2665068738510832,-0.05614698076620698
1.724752685546875,-0.012877754720997078,-56.12839773108959,-12.375835761878605,0.22683950138390063,0.21102237558159975,0.04053659304976463
1.73478173828125,1.1330547453281261,-60.86619259981479,-11.900917340961986,0.42257016327679153,0.20630278144748881,0.08844576069414616
1.74481103515625,5.648252254898725,-68.66991595298613,-10.650307142611712,0.3449129231005907,0.10189224837496876,-0.059685530155897136
1.75483984375,11.047806223059883,-73.7267079767076,-9.845153344193209,0.10717734917104244,0.0437974032103084,-0.42050029820017515
1.764868896484375,15.612779376537183,-76.3578607695366,-11.034453203232509,0.00684533585011959,0.06438757036700844,-0.7160614536326378
1.774896728515625,16.289084217584335,-74.66205457221666,-11.256660601274179,0.19084815054833887,0.19339471149230375,-0.6055342460444196
1.78492578125,17.326605320434908,-71.76323349600405,-11.483788296839199,0.4151379674494266,0.21459822477437554,-0.09958148721456526
1.794954833984375,17.85162488646086,-64.59357709405249,-12.671965443533677,0.26749884403049945,0.08672854498010128,0.29022447057962414
1.80498388671875,18.37129299927211,-52.487316092109594,-11.554534542488545,0.21261165406703947,0.025205972122773528,0.5872966150969267
1.815012939453125,20.37847386047459,-44.82899039089489,-7.726141795710112,0.14463994160294533,-0.04827383623830974,0.6563052693933248
1.8250419921875,20.517878021434548,-47.51008211184043,-2.6944338551589255,-0.039838089391589164,-0.15251973506733774,0.5521615888297557
1.83507080078125,19.900181326107983,-55.07306861752551,-0.9104778767410397,-0.33588264442682264,-0.21308617624361068,0.3328454686880111
1.845099853515625,21.082188250661,-60.33463995784771,-2.2568981267868438,-0.5608709649860859,-0.2781762688567862,0.04100541613791138
1.85512890625,23.536350351527453,-62.621476084427194,-3.927241805767795,-0.4291331750541925,-0.1826181919394061,0.008059424347616731
1.86515771484375,25.987414961605303,-57.63721383950209,-2.7348438156096595,0.06748597477376461,-0.0768804836500436,0.22896303287651387
1.875186767578125,25.099507444976574,-41.88718693423538,0.01914857874542289,0.7286071200162172,-0.0097921664243564,0.5397475129365921
1.885215087890625,17.21822046359056,-21.44428389932006,0.7437731828642741,1.037470824614167,0.11178714452143758,0.8891618391096592
1.895243896484375,6.6843108434932645,-5.60393371869545,-0.3750974740331306,1.1143617565929889,0.08350026711598038,1.0254442136686295
1.90527294921875,-0.47914150553609686,2.243188656462159,-0.9249937362746093,1.0411509744316338,-0.16805150458961723,0.903535159311816
1.915302001953125,-1.987598495408639,7.992823970532322,2.264101201596857,1.0399117880254982,-0.31915461432468145,0.6152396109681576
1.925330810546875,0.1818959684057996,18.01348500186453,8.058397201659028,1.2071043376982211,-0.17552439775355158,0.39730888077020643
1.93535986328125,4.7549322402395795,34.00560966980964,12.725865027595187,1.2862234671205282,0.025206885438226162,0.22861937053799627
1.945388916015625,10.102725754209914,57.84063053336341,13.119495659652193,0.6731120272874832,0.1498109510326758,0.10531210328843443
1.955417724609375,16.154937594737994,80.57568699712706,11.228939424754037,-0.07636193966865538,0.2723706147853285,0.1782944104561582
1.96544677734375,17.484770303497598,90.80635414732237,5.452496471965221,-0.6797913589209318,0.008550495800189673,0.6085410631775856
1.97547607421875,13.253053178682622,90.59601164164265,-0.8288159749418086,-0.9431032726556062,-0.26822436355976387,1.1399673224925995
1.98550390625,8.609330505396013,93.5449116648498,-3.9467966373615417,-0.655204614675045,-0.49719176208414134,0.9574936170578002
1.995532958984375,4.751351940454024,106.48298383976812,-2.553420330875781,-0.15865034677684306,-0.39116025847997515,0.6026280397415161
2.005561767578125,1.5634555940601889,121.01225103467846,-1.4131769181679221,0.017540917387604712,0.03438077383376658,0.7865244714558124
2.0155908203125,2.2251503403075668,136.44433946427023,-3.578578364441804,-0.03399871571362018,0.09473010166063904,1.1524497874468564
2.025619873046875,6.115088854479926,152.0027590727506,-8.884669944991213,-0.0899596723884344,-0.0005855448029935359,1.2922884662479162
2.03564892578125,12.852815192377276,164.76621063134834,-13.208011496200973,0.05374678775668144,0.13125267329607157,1.4236135837256907
2.045677978515625,21.98277430593657,176.3085473097529,-13.029957002275202,0.4663251338511705,0.10522621510326861,1.1285000259302556
2.05570703125,21.601770986107628,184.13582115518244,-9.312774249336565,0.7409826174646615,0.040529323058761654,0.9709780986614525
2.065736083984375,10.190347689751068,186.73782270063384,-5.370574329286441,0.7932219232678412,-0.07950750768538564,0.7677762241050601
2.075764892578125,-3.339174897947568,183.36940562841534,-2.211592841691915,0.7215811669021844,-0.1994571350701153,0.1712678362876177
2.0857939453125,-17.72642751897453,179.2396956713072,-0.9458305089982026,0.29557167682647706,-0.09177450325805693,-0.17979016543924808
2.095821533203125,-29.63428860100148,175.31461818173264,-1.4255994314425886,0.05335574261248111,-0.01845025078486651,0.06351414853334426
2.105850830078125,-33.549387184198636,171.41764009040352,-1.9179241625721621,0.2897556840240955,0.04788487345334142,0.2989835310965776
2.1158798828125,-30.93175816592627,165.43241362261307,-1.6403448478160207,0.4942939217507839,0.07037362250667065,0.3303822934448719
2.12590869140625,-22.60786126594509,144.35607542897617,2.053105985964585,0.5528934102356433,-0.0588062996359542,0.4177741611719131
2.135937744140625,-20.835850648055324,125.18030567378703,2.389987564415716,0.06504442684054375,-0.3822870700640604,0.3540107140526175
2.145966796875,-29.435461794262405,119.97400763932315,1.55936004187912,-0.2835170818954706,-0.5488558983478695,0.14052549202144146
2.15599560546875,-37.059124285439296,126.09031909766452,4.787052485472034,0.7306371645390987,-0.2037914562136866,-0.1952498926386237
2.166024658203125,-34.4759638168134,136.0030682627524,8.415912354705945,1.1584966663956642,0.14222203027363867,-1.0711413312867284
2.1760537109375,-24.18513977550321,145.33906259394607,8.348389104571199,0.29357962622642514,0.20261799198752267,-1.6709937688350676
2.18608251953125,-13.236288479364825,151.7278439586576,6.998444050026845,-0.6540045912355185,0.19554507619291542,-1.6150778203457592
2.19611181640625,-8.10006050182246,160.7806176657275,5.0804906457072985,-0.5832312653541565,0.2171796743686311,-0.5406733956098556
2.206139404296875,-9.197106703289691,175.43022596362428,0.03706393481968825,-0.32883681756854055,0.16295704926112667,0.30842063700556754
2.21616845703125,-18.758914772406797,183.12336855413312,-2.7031673192298444,-0.16589198846817016,0.026561350520793347,0.6156178696960211
2.226197265625,-22.34354148280206,173.97512246284478,-1.2660794028815887,0.45721302211284637,-0.0015272004341240972,0.5357067131131887
2.236226318359375,-14.657000270126035,156.82399836256582,-0.37424319345877655,0.11461363665163517,-0.07846761584416963,-0.21891981430053709
2.24625537109375,-3.0007511908478954,143.8899150181228,-0.5887359461937711,-0.20331892506480215,-0.10994063987191766,-0.7877098818480968
2.256284423828125,8.299297973685379,133.87990395925394,-1.009344544811857,-0.07952303404808043,0.13729664790173993,-0.8257681020855903
2.2663134765625,15.981624959643506,136.2375076758239,-3.116735913804351,-0.3209393423169851,0.2880969387653284,-0.39958734709620475
2.276342529296875,18.506108980657114,144.79503802655455,-2.160844109271897,-0.087981650313735,0.38213155070878563,0.08437222764492035
2.286371337890625,14.1189930993933,154.4038164528202,-1.3982251004662354,0.2324135021239519,0.17426047876495868,0.334063612306118
2.296400390625,2.4809840402936802,161.4649752998061,-2.148260552943206,0.14272270980477333,-0.008392017302848399,0.2639174784123897
2.306429443359375,-11.0129423762152,166.10843842590424,-2.6552490598905623,-0.05097498495578766,0.11767890597376972,0.26624738266468045
2.316457275390625,-20.253631662825097,175.279961801884,-1.4299123757383343,-0.162561382740736,0.29531470639072355,0.09998948349356651
2.326486572265625,-24.903182195021017,185.85681025997224,1.8260384814416268,-0.25768238341510297,0.3802387957647443,-0.12009236032366752
2.336515625,-22.11524582488897,185.1059265833777,4.805478201418613,-0.11444003365039825,0.14267129014478996,-0.34925884335041046
2.34654443359375,-15.524654568318388,172.58703677820142,5.606808801449203,0.10044190343618392,-0.12957071155849845,-0.5305015456855297
2.356573486328125,-7.981611361236099,153.08736579219195,4.914678412095131,-0.039344168394804,-0.08610431213453412,-0.36664252434968947
2.3666025390625,-1.6121496134787965,145.49007807649505,3.106313472017735,-0.6110764268741011,-0.01471645510100061,-0.2842214307725429
2.37663134765625,-0.5371046252669407,154.7351489294575,2.0367267654480714,-0.862990456020832,0.013071905047656035,0.018617022186517715
2.386660400390625,-1.7820080938439626,165.90414746782915,2.769713211983044,-0.3792687816888094,-0.01780961022719275,0.33814766674935814
2.396689453125,-2.1902681373294888,177.76091873486442,2.4228909335251942,0.2409054361373186,0.1003540424896404,0.41345454440712925
2.40671826171875,0.8973476918353365,188.32107421062113,2.4202969557444707,0.35865327916145323,0.16257309144483878,0.2124491569817066
2.41674755859375,3.7770792430914186,195.57556839225342,3.343768627051225,0.4431996943295002,0.17066356851784512,-0.46879415431320665
2.426776611328125,0.9141796258277751,195.62507360335766,4.260730060861899,0.221387373457849,-0.035815393763745665,-0.7257938161611557
2.436804443359375,-2.854518548265215,188.50046229898234,3.951026232005072,-0.2839896678432822,-0.0825571501801256,-0.5930354510098695
2.44683349609375,-4.8001361397140165,178.22406020210462,3.5626136510305457,-0.6375733886554836,0.027717498285975306,-0.5708370632052421
2.4568623046875,-2.5945239824140947,170.6906074343907,2.689322952669052,-0.9197267809823155,-0.1527087457002606,-0.6584136398494244
2.466891357421875,3.2775004241764685,152.5645284716058,-0.312721838655047,-1.23226508243978,-0.2873115057423711,-0.5194178416132926
2.47692041015625,8.982476546358503,133.01047551942466,-1.6755434806517409,-1.1129537894912063,-0.11076210318948142,0.06307517259418964
2.48694970703125,12.751061595443364,122.95027623053456,-2.2376162893164864,-0.9738787885390221,0.11544956688596866,0.8193962289661169
2.496978515625,17.29117200656817,118.75188189113277,-2.163414608277349,-0.7763238338284194,0.1960794753305614,0.9922580564469099
2.507007568359375,20.844685497746735,118.61545569265094,-4.383232918720663,-0.3969858593609184,0.19102960806246846,0.5989087269574404
2.51703662109375,22.912115457617894,120.3197518151092,-7.900496888426674,-0.03420293304882943,0.1264920986976009,0.06099953536391258
2.5270654296875,23.985479685685398,121.52321748648711,-6.210067330644008,0.4283868867315352,0.1342980323413387,-0.47563306042253967
2.537094482421875,22.969512952308097,124.6796528076251,-2.1995046875214617,0.38250082241259514,0.12028722530864179,-0.7108820782333612
2.54712255859375,18.668059596067287,125.99524286441793,-1.6671102247391851,-0.06045541854985058,-0.013974968534335493,-0.7216162382155656
2.557151611328125,14.408827054180914,128.51683942295992,-2.484050795231016,-0.2313900042951107,-0.3429526558782905,-0.6525777733027934
2.5671806640625,11.14837392839915,139.6088480690072,-4.71810514089534,-0.1917522597812116,-0.40981655323095617,-0.7047603804826736
2.57720947265625,10.501771018731445,148.5119586709838,-8.09739331295157,-0.31035207999218256,-0.32880883358307184,-0.5535492437958717
2.587238525390625,14.291215465541526,143.72700134603966,-9.060131528353317,-0.2675961303925142,-0.15731767340097574,-0.22923954826295376
2.597267578125,19.011824724541324,139.2962986125874,-8.625362666925325,-0.5069617532093078,0.07377323834970594,0.03985036435127258
2.60729638671875,21.358641864864563,139.87380476729032,-9.445553126801613,-0.8994322540376335,0.20886231147088108,0.3346773602902889
2.617325439453125,19.625296947866236,143.03239842820605,-9.859586387683091,-0.9942802099242806,0.21714458478894083,0.5243395159244537
2.6273544921875,17.08660101073712,145.372243652934,-10.86919933758499,-0.7418250596381724,0.35532987035978586,0.5015133516103029
2.63738330078125,13.534515882868739,140.711472827479,-9.938983067916258,-0.4199729863904416,0.40012569175660606,0.4654273082286119
2.64741259765625,8.425751242205349,130.293603852512,-6.936495941802122,0.11546703861057758,-0.17837726643402127,0.4137286851733923
2.657441650390625,4.334502934087207,124.3078856111013,-3.5881681634799136,0.6035049687065184,-0.46466878147888924,0.13027239355444908
2.667469482421875,0.8758697884642611,134.840078292396,-1.986056366760097,0.6230997498840093,-0.21768453688453882,-0.3597732231020927
2.67749853515625,-3.3073013932988804,156.80427277624284,-3.019215540051967,0.27833471082150935,-0.008386720073223114,-0.5129220498532057
2.687527587890625,-7.7334176547234685,177.62921902728823,-8.383351135385201,0.21169453922212123,-0.017308387273363767,-0.27352117305994034
2.697556396484375,-12.338164707285046,193.41326710481079,-10.635769084963341,0.36357290764600037,-0.08770867859125137,-0.24988661497235296
2.70758544921875,-17.753493851107997,198.25242881100812,-7.565563194549466,0.40668256605416536,0.07290127782076597,-0.22531214568614957
2.71761474609375,-21.41863653898666,196.5244865736433,-3.8302919662545185,-0.019794249272346496,0.2013601922124624,-0.12615560588538646
2.7276435546875,-25.484935019840393,193.53604658533092,-0.16622924867750932,-0.5522831693828105,0.3220004322098568,0.08217150273025035
2.737672607421875,-27.28164018667434,179.41260874033523,-0.2871618300378312,-1.0193363252475858,0.08181099885478615,0.2688520122051239
2.74770166015625,-25.377771059310184,160.71161909473201,-1.8407050320237597,-1.1430959759071468,-0.014506938252877443,0.40390170316398144
2.75773046875,-23.908732265076548,151.7764202640347,-0.32292027158122805,-0.8853998562276363,0.1213964651921764,0.6142798990905285
2.767759521484375,-22.39155088247808,153.5301123145705,4.037202728763123,-0.4581190310418606,0.12743819304183124,0.7725187424570321
2.77778857421875,-19.05048701033818,161.05424870425654,8.570190106357254,-0.28774726681113244,0.06027474648701027,0.30757600287497044
2.78781640625,-11.659175601894079,167.17770454046973,8.855208777780009,-0.2939794391989708,-0.27082329401178284,-0.4477496127188205
2.797845458984375,-2.7734813419707756,172.4720846944701,7.541747178687278,-0.008036591461300849,-0.5701221198689193,-1.1013795254230498
2.80787451171875,1.2766590457408211,180.0941933176108,6.935117951137072,0.3340279564708471,-0.5396879647690802,-1.3001952938497066
2.8179033203125,-0.530594227688302,185.44276419248607,8.106023256967882,0.5302776738017797,-0.2997902261032723,-1.0983762519538403
2.827932373046875,0.25195271179451795,182.34097038470816,10.670506573308378,0.3496048803091049,0.029463940094504502,-0.9551204581856727
2.83796142578125,2.856738786632292,179.65650113521806,14.068565812751096,-0.22461130394041537,0.23192701551495118,-0.722585375508666
2.847990234375,5.384631712371974,178.73566869169528,13.887093662919382,-0.7046142500102519,0.1044689852614887,-0.22475977250039575
2.858019287109375,9.150069751796751,169.88655756529678,8.484983496461345,-1.1187380719810724,-0.16779785862211136,0.32022797917723655
2.86804833984375,11.946868292376893,157.09410502348314,3.941282540267226,-1.2035036828577517,-0.3206881075022742,0.9065168785363436
2.878077392578125,10.36594160802834,146.5339768684831,2.6026237329960833,-1.1037158594161272,-0.4015534230047837,1.131206508409977
2.8881064453125,5.72920835269677,140.51667583235027,4.4453974585647105,-1.108725796532631,-0.22459157632663845,0.9940490315169095
2.898135498046875,0.7156409676943138,135.27088564410536,7.709060346369557,-0.6399012470811605,0.1877091218702495,0.5134837753891944
2.908163330078125,-6.502589818643668,129.0902064830258,9.271026425582154,-0.03922375688552856,0.39103966430760917,0.2204629520893097
2.9181923828125,-10.890976541979928,114.39144814386161,9.612302803877364,0.4123258326381445,0.3671935092959553,0.14896131193339823
2.92822119140625,-11.904342680830748,101.83230803390643,7.383405464479811,0.4851432315677404,0.18051497258245944,0.07853753014206886
2.93825048828125,-10.709412184594418,98.41158537302397,4.532400835099156,0.2597106743723154,-0.036396643700823184,-0.08210954340994357
2.948279541015625,-7.628632307571718,110.48424525934499,5.699804815206688,0.131238608238101,-0.041441213739290834,-0.49124973174929615
2.958308349609375,-2.1977320399884315,130.32571940198943,8.186203701408308,0.032438042268157004,0.17039412219300865,-0.9198033533498644
2.96833740234375,3.047842997297606,150.67777067565981,11.3674317554598,-0.03453530680835247,0.42087483060099184,-1.1214438238084317
2.978366455078125,10.254646236823922,154.09260571347772,13.332910896684764,0.22336159614026546,0.5607056548891589,-1.2188123111486435
2.988395263671875,16.769692186079578,144.4250603395933,12.941827925188175,0.13322890527248382,0.13818959641978143,-0.8466767423406243
2.99842431640625,17.99928162348549,139.11191082575374,12.51828618720839,-0.2773456997841596,-0.42068665108513087,-0.20011545284837484
3.008453369140625,16.415265132311152,131.11975621376007,12.514669602042868,-0.41457858000099657,-0.4578324326528236,0.32613165026307106
3.018482421875,16.339916192934865,117.05455256162793,12.000132668845591,-0.20981471682488917,-0.1551670347057283,0.45420828733891244
3.02851123046875,16.42338110459242,111.55942631773172,13.723536245506963,0.02190904946923256,0.1245181408766657,0.19815993486642836
3.03853955078125,16.057060983931713,106.64382796453275,16.429545350318357,0.2115647753626108,0.34503150797896087,-0.07017711355388163
3.048568359375,14.259255302867743,92.68095420654572,17.432367384637967,0.26985212915837764,0.2800715080188587,-0.10158201338201761
3.058597412109375,13.346076940083611,71.38951286537763,16.05852776705597,0.03126782944500446,0.20939079232439398,-0.05524667092561721
3.06862646484375,12.64240267725857,64.49696406824266,13.528589839990106,-0.32498540283739563,0.24624833153523504,-0.042702831172943115
3.0786552734375,12.605064594387049,81.4358058891176,11.216104645529937,-0.5094546660035848,0.36381570342592895,-0.39764702668339014
3.088684326171875,12.961723412466775,106.29797450571998,12.754740506085062,-0.2770908482402563,0.39600298580341037,-0.9519429971933364
3.09871337890625,15.0352885897599,123.77181138390368,17.417209487322417,0.28944004220366476,0.42757812763191755,-1.3391969324171542
3.108742431640625,22.656840552483253,120.88843336540447,19.34134207840671,0.562948355782032,0.38797684267088767,-1.5919276847742496
3.118771484375,32.4814973527509,109.11022976439186,18.70552318366481,0.6105442196935414,0.12691504595056174,-1.5285544060163199
3.128800537109375,41.61377446175977,97.20079090866663,17.746523643059998,0.49626083790957926,-0.03602868717126548,-1.1641980929076672
3.138829345703125,47.47737916609441,95.28042858200419,18.24997176413976,0.12946341525912283,0.08810936834663152,-0.6852751971594989
3.1488583984375,49.76790700992028,97.02507063188972,16.05194346469608,-0.2709633052706718,0.2583491767607629,-0.33239597135484217
3.158887451171875,49.36466288660648,87.49638300383165,11.576990496932254,-0.4002057712554931,0.12912395417168734,0.19072671612575648
3.16891552734375,46.87727874561709,86.62534946954743,12.049876082797148,-0.09581073650419711,-0.21799721956290302,0.6214993289500474
3.178944580078125,44.06508837374232,85.80421046715017,15.754488726342023,0.22546529042124747,-0.06184263512454927,0.7821282823234796
3.1889736328125,41.555413910396595,79.12238666628843,19.76941223180621,0.35034430049955845,0.1971670513715595,0.8829555318154394
3.19900244140625,39.068668392094594,70.68530670157097,20.993066234823385,0.363704132810235,0.13604958871640263,0.8366454699307679
3.209031494140625,36.38036057629094,65.58475365583723,20.447762714509782,0.14727847341299055,0.11051686885729431,0.5646844223270192
3.219060546875,36.6418475384757,62.71663427994381,20.11440167168897,0.03839490484595299,0.1440511819295585,0.09735975604448467
3.22908935546875,42.625216194811934,54.254159671892246,16.813422472240582,-0.02000584619641304,-0.01914411480054259,-0.347044089910388
3.239118408203125,48.05092381107872,37.93868189580768,13.35379163875114,-0.17829788105487823,-0.33773908594846724,-0.4854273092061281
3.2491474609375,50.24496840268899,12.568396723827837,11.871125763349683,-0.0670762249290943,-0.46192309949994087,-0.12664133444256148
3.259176513671875,51.29768838399013,-15.253053803520123,10.856795714052245,0.18361118503212928,-0.43246772630438207,0.40529578787088394
3.26920556640625,50.218019891318704,-28.851746997603946,12.988326999283975,0.07364391288161277,-0.40893692085221406,0.6842050837099551
3.279234619140625,47.79394477374616,-15.552147787274981,14.79491374229964,0.07463117035329342,-0.33588498251438137,0.5493722503721714
3.289263427734375,46.73501615048948,8.718039796225936,14.864600454853987,0.2710007146716118,-0.10708967088758944,0.17075754867792128
3.29929150390625,47.659885235811736,30.20464696273798,16.080071891245485,0.53048225646317,0.23562501151636242,-0.04876256960332393
3.3093203125,50.032624651582466,42.30201164328693,19.9845666057562,1.102197856068611,0.5289196833215654,-0.05573883835673332
3.319349365234375,50.05433782295393,51.310085177333704,25.752941397587936,1.3012637998640537,0.5792709834210574,-0.0769944014864508
3.329378662109375,45.684860905221676,51.47002771712789,29.94363128360594,0.7740525278955698,0.488428244587779,-0.18292614364372564
3.33940771484375,36.66342069096919,39.68783870073459,32.342608871073274,0.26476386610865593,0.3697571492388844,-0.03867783170687034
3.3494365234375,29.17497203969646,26.33986467560901,32.972082520076235,0.09048457304537295,0.0851880740724504,0.36244324602894484
3.359465576171875,26.990044043080864,39.836364579331104,35.53305170408876,0.3758510821998119,-0.32846257742866874,-0.0727624904045835
3.36949462890625,28.5728532983194,61.14929028053348,35.32846363278478,0.40921208453178404,-0.09598287820070982,-0.881046483323723
3.3795234375,31.878149177323237,72.30842602574363,37.60208334332029,0.5833885017424821,0.47454848005622624,-1.1312871724307536
3.389552490234375,34.18779472063597,68.69552916237369,41.55597057081395,0.8965028495222329,0.5506931237123907,-0.7260919223248958
3.39958154296875,34.63965271536734,61.41333173346783,44.01927146478988,0.7829168023526668,0.01741363774612546,-0.11687982801795005
3.4096103515625,36.81769075865768,56.49179794588012,44.43443426820535,0.14835866986513138,-0.4168881721176207,0.15059256639704108
3.419639404296875,40.00022423261429,48.924235213451134,44.45759543968086,-0.27196985196471213,-0.3156622786968946,0.16979074947237968
3.42966748046875,41.018827419011224,47.92901176458316,49.31953241166562,-0.06481470973789692,0.06837678613364696,0.3938882586717605
3.439696533203125,41.69466780719481,46.23939371865126,57.45618650574007,0.43451837522387504,0.36883038978278637,0.4316213386081159
3.4497255859375,41.17713754359378,38.4366300070583,63.40125829140004,0.63167760861516,0.41210152236297726,0.5958662905216217
3.45975439453125,37.3541304009759,30.1994491887796,62.486088074699204,0.3038420770436525,0.3816301039926708,1.0324712627612054
3.469783447265625,31.927630482765395,25.784590786654483,58.65141496897894,-0.2412409517019987,0.4605348600119352,1.1948024900078773
3.4798125,29.268805178514096,35.067967048029665,56.30115712086131,-0.369621832421422,0.2333782555028796,0.7393615921340883
3.489841552734375,33.63748637920805,43.99510625550637,54.41602490993779,-0.16588614324927328,0.08058774067014456,-0.058901394040882585
3.49987060546875,40.57631312306444,48.807934167358745,54.99370523446454,0.2890828993290663,-0.025357728618383406,-0.3854476164542138
3.509899658203125,46.65107995577919,56.16530807336434,55.875725128028726,0.4360632665783167,-0.14654840557277202,-0.3846665490791201
3.519928466796875,52.20588839264297,68.3295676266444,56.09038772835847,0.33977614473402495,-0.17617840468287466,-0.2581666598007083
3.52995751953125,58.201981691402935,87.11042267421257,54.11327335988239,0.0018605331748723982,-0.01849398032873869,-0.2515907885417342
3.539986572265625,62.755887377103875,102.84700776719271,49.56788833517104,-0.7511655733048915,0.090794077385962,-0.1059700192078948
3.550015380859375,65.1267826417987,118.60402195598034,49.635517453237924,-0.6103408060759306,0.1321817343071103,-0.032115678445994854
3.560043701171875,63.09683676009257,117.51889614216208,51.919983504175406,-0.40178339583575723,0.18218904327452182,-0.043135085110366345
3.57007275390625,59.873998339843716,95.26432982613048,56.95992886630904,-0.26645664150118825,0.23372838411480187,0.15135931298583746
3.580101318359375,58.49321412742311,63.66293649888157,62.668023823620835,0.1037321771532297,0.13162293138056994,0.32312165479212995
3.590130615234375,60.328677202702295,46.28978002415844,68.2874526802221,0.4770487724393606,-0.04245119449943304,0.3946852542683482
3.60015966796875,63.424938557252474,46.04561442170883,69.04270084769627,0.32312486966252324,0.21363982807099818,0.04924801503270864
3.610188232421875,64.08457090653563,55.47765145791663,63.3801530068647,-0.1764940465033054,0.7900424164488912,-0.14350859948545694
3.620217529296875,62.75058032011878,64.72667016021936,56.97166654639771,-0.3335983328819275,0.9723726217597722,-0.13982465027570723
3.63024658203125,62.57261974129409,75.98543787485248,53.64099309953269,-0.18036708854436873,0.6331792453497648,-0.1117690608754754
3.640275146484375,64.1065572854739,89.62974477976094,50.71601922898809,-0.16097323676645756,0.1691036439910531,-0.34696079554110765
3.6503046875,66.36911891974316,99.75921584721334,49.044709505126406,-0.18586743952631948,-0.04300239864140749,-0.42074791628569363
3.660333740234375,64.79427537262414,102.31638403095275,52.80459545452961,0.0027659575819969176,0.08381547054499387,-0.2399360065832734
3.670362548828125,61.07854318111048,97.39621628119905,58.53086896031739,0.143006787443161,0.2891121254235506,-0.04169511543512344
3.6803916015625,56.71562324498144,86.16918845563896,62.27928360700955,0.08428045770823955,0.43220863697677847,0.12897270913273096
3.69041943359375,54.046310185259586,67.29480079757664,61.27592198774551,-0.20383271980583667,0.6429577120423317,0.27537206162363287
3.7004482421875,53.17836048138563,48.93029700633952,60.64815930112964,-0.3823264156937599,0.5431687195569277,0.36838206149339675
3.710477294921875,52.39241061359226,41.297700627728254,61.18099601866068,-0.1851870560467243,0.19523674089610576,0.19705109684169292
3.720506591796875,52.34338351572991,40.88510597544071,61.14572492178673,-0.08570435303151606,-0.03275485313236713,-0.109776133492589
3.730535400390625,53.67752095121392,45.06518857767769,62.06703547855141,0.2013911718726158,-0.057846624290943144,-0.24446692801117895
3.740564453125,55.8063987079531,47.38421197072085,63.34859753289924,0.42550154055356976,0.0025037995144724843,-0.3818728267073631
3.750593505859375,56.53950681723266,44.77875776464403,61.395259052923976,0.40778351303339,0.13795359570682048,-0.3525467789798975
3.760622314453125,54.87322069750552,40.41128892252776,55.23147094966186,0.1258311962366104,0.26885113542228933,-0.14465513917207717
3.7706513671875,52.58627870299391,40.28991987607122,50.73806366453431,0.05123918884992599,0.4348033296450972,0.021490531796216964
3.780680419921875,49.45619083657924,43.152728779884946,49.19525711971724,0.03408171782195568,0.2305807337388396,-0.019327800804376603
3.790709228515625,46.76339558649088,42.95747757717638,49.40369058752393,0.02421732641160488,-0.005908055000007152,-0.2705775208234787
3.80073828125,45.274130894577546,41.27904055091578,49.29084903224615,-0.02641629776060581,-0.09915420171320438,-0.3538917638480663
3.810767333984375,46.60199480130889,37.348375966600166,49.54010312562743,0.16926584881544113,0.01263502516746521,-0.46397827846407885
3.82079638671875,48.08392728514822,34.82797810625751,49.77542021800729,0.2498369306117296,0.306996741682291,-0.3930354412347078
3.830824462890625,50.655718903900635,36.14545329526128,48.6438593631167,-0.05994681144058704,0.218770761218667,-0.4093623066574335
3.840853271484375,55.53659257535925,40.06436653910988,46.10409450138248,-0.41585692937374114,0.18213585178256034,-0.7647299882769584
3.85088232421875,60.98565943858748,44.943730738761936,43.646773438024894,-0.5740262146353722,0.17030629777908324,-1.1265244880735874
3.860911376953125,64.3444391138871,56.33691316116633,41.79802222971544,-0.1909130324780941,0.33414632215350865,-1.2232155145436525
3.8709404296875,66.61087346541575,71.19541937973337,41.214662602893824,-0.03904021701216698,0.40801439917981625,-1.3065379408746958
3.880969482421875,69.07088220821174,84.74492325896206,42.028288397204086,0.204742235866189,0.18423399310559033,-1.276225804719329
3.89099853515625,72.51122117239048,93.80545606092912,41.508162661718444,0.4464613264739513,0.24142361479252575,-1.1383628099054097
3.901027587890625,73.5841004570269,102.50270476132152,42.439882426778226,0.5958318037301301,0.4617769690275192,-0.7755337063640355
3.911056396484375,72.039391704526,107.95431587001559,46.0991221236667,0.4900654904007911,0.34392975728213787,-0.4793319149404764
3.92108544921875,68.66178802787383,99.09913953563414,46.937886429217194,-0.22717969312369823,0.056440556885302064,-0.09148176738917826
3.931114501953125,66.9136147701874,80.208127197132,44.59361865700166,-0.92295421859622,0.02693009250164032,0.3472860819727182
3.941143310546875,64.50819289923815,66.16203441429754,43.14898925131436,-0.9842571208208799,0.2764449515521526,0.4650894545763731
3.95117236328125,62.50773977436814,56.78076275909585,41.86416919673243,-1.037377885633707,0.25054011044502256,0.32837562979757784
3.961201416015625,64.24249854052466,47.38403780089701,37.97797597410277,-0.7915922762393951,0.4680114795029163,0.16335165633559226
3.97123046875,65.6856150593108,37.376133855387096,33.822321543432345,-0.540320344388485,0.3949617331221699,0.34607904427051545
3.981258544921875,63.87662579725459,29.934717886739072,31.104158970766562,-0.24769874953925608,0.31558278371989723,0.5909118829846381
3.991287353515625,61.09691638997782,31.274514133950436,31.88592876278788,0.050279988428950304,-0.07448650118559598,0.3967898253321647
4.00131640625,59.24237659634679,36.694399013949784,31.190499392064694,-0.164019764855504,-0.6214803319886326,-0.08883680583834648
4.011345458984375,59.76655946419942,43.10287864422761,25.044672978772418,-0.4635398870468139,-0.7305667296513915,-0.4410363788157701
4.021374267578125,61.38650958059719,46.98800635734675,16.761629147764378,-0.69438833181113,-0.7510401933595537,-0.5031377379417419
4.0314033203125,61.62853050364742,47.86808989228123,10.50709771251041,-0.7499538594275712,-0.8077315101355313,-0.39807460444569587
4.0414326171875,61.491749135328746,58.59162349298465,8.746165661454402,-0.35623686566948887,-0.8038423937425017,-0.4195785802453756
4.05146142578125,61.752068135165445,67.93552035304802,7.203410343056111,-0.27555940088927744,-0.9246376416385174,-0.7448322786301373
4.061490478515625,62.37716021781584,66.99484620998636,4.911160864672574,-0.34459114380031824,-0.6518328001543879,-0.6528524985909462
4.07151953125,62.37542534976666,65.1527715115906,5.839154334653288,-0.06734159786701202,-0.21696458857953546,-0.33185061243176456
4.08154833984375,64.12789479644101,57.955234277447055,7.245544072498627,0.12719313223958015,-0.03145166157931089,-0.17612638223469257
4.091577392578125,66.01530146035815,45.364367938797166,6.86299158038856,0.10829846215546131,0.2165191828995943,-0.08685410758852959
4.1016064453125,68.53473967912241,37.303498208658596,8.340771736099342,0.3038596127003431,0.45531186466664075,-0.14704934083223342
4.111635498046875,72.80910621266224,36.559844287300535,9.559322734032868,0.46072073797285557,0.299357625105977,-0.4539385304868221
4.12166357421875,77.53855459022168,41.201087601918424,8.807995948915941,0.3592585515782237,0.1125892912171781,-0.6351438234210014
4.131692626953125,81.3116262198176,45.056404954405046,6.690122053816476,0.16382599584907293,-0.010336831227689981,-0.6983779859691858
4.141721435546875,83.21813692284326,46.996127452269896,5.179234690538173,0.29431027858853337,-0.04861673139184713,-0.41128421463072296
4.15175048828125,83.00103252988524,43.9768559900441,4.113652609256253,0.26814970915466546,-0.08958455546572804,0.010887304717302322
4.161779541015625,81.82170474703415,37.570275152355535,2.873844141634943,0.19617372948527334,0.04976707047075033,0.3484194699168205
4.171808349609375,80.35887630230334,33.92251017327268,3.589404854606509,0.1600947003662586,0.08320888295397162,0.34000819992423054
4.18183740234375,77.64632131494615,31.76410209365695,4.1446403237469545,0.07877426150739192,0.0040492753908038135,0.3400374260187149
4.191866455078125,77.17165048838694,32.25549322330435,4.736803637521897,0.39718262404203414,0.25265564129427076,0.30787586260437966
4.201895751953125,79.88238181523575,34.30939257842971,5.655507623344571,0.618820172868669,0.48871743679270147,0.05707505539655685
4.2119248046875,82.41472909153134,32.290439886192715,7.302419057717324,0.44886634178906676,0.5511993196688592,-0.13971592920422554
4.2219541015625,82.14954699700559,27.41559897931851,8.08288001473894,0.13756108925789595,0.2733375601213425,-0.18592589171528814
4.231983154296875,82.20605998219828,25.19150838554935,8.745126618926914,0.03878331964164972,-0.09478614269681275,-0.4212473902404308
4.242011962890625,81.7811061026076,24.15358942417963,8.36763316255771,0.045991351324319835,-0.33904878030754626,-0.39310383029580115
4.252041015625,79.04082054722014,23.28687427699815,6.653125053516633,0.08777005338966846,-0.5405140403296799,-0.17285832034945486
4.262070068359375,75.74944800883938,22.46069288744612,6.637641441555037,0.21628332831710576,-0.7781641279328614,0.013518822264671325
4.272097900390625,71.72813315385935,25.668761023614824,10.426627838803904,0.1058329488247633,-0.998945863647759,0.11182955889105796
4.282126953125,66.02603851773341,29.304991520736824,13.659954014523315,-0.09340484440624713,-0.905153992685303,0.10754559796154499
4.292156005859375,62.89393916060818,32.19454744534032,14.820842847936301,-0.28438129750937224,-0.4830376375906169,0.09738719204068183
4.30218505859375,59.595456395301426,31.78728034060539,13.174758720226766,-0.12442717465758323,-0.05790301238698885,0.24330372945070267
4.312214111328125,56.36134133273288,26.88776025271263,12.34701492490209,0.12176730779856443,0.11505712436912581,0.483672574493289
4.322242919921875,52.49377062087525,22.745774738118694,12.619977458666126,0.19474398894309997,0.13341757797868922,0.5763455974936484
4.33227197265625,50.785137328294034,17.34205691588477,11.47161604596459,-0.011121113473176956,0.09021777533534914,0.2698796016871929
4.342301025390625,49.31549235477156,7.297677198886042,9.678383176549946,-0.2061585324048996,-0.02116419505183585,0.02167757880091667
4.352329833984375,48.70942576405423,4.107965196111747,10.14998639439817,-0.18572423166334628,-0.21290300169643014,-0.17855273259878157
4.36235888671875,49.33146133705105,7.633589317361855,8.894359422102522,-0.3814256674617529,-0.5205085594594479,-0.38774493361115453
4.372387939453125,51.60233531154021,11.22865170303525,6.531704353754493,-0.46791591017395257,-0.47286757776457816,-0.6028910745918751
4.3824169921875,56.75476022892561,15.947559391158066,5.369583098083143,-0.29503040955662724,-0.2895116826677695,-0.8007470580756664
4.392446044921875,61.23895017376823,15.461215771307309,6.0261230792195715,0.0008037175983190536,0.07068875287044793,-0.7291185766696929
4.40247509765625,65.28784533261677,14.652722864158315,7.933086282277744,0.384006623865664,0.45469022563695904,-0.5315671290904284
4.41250390625,67.53792138108324,15.370526227055173,11.62849012327415,0.6098585755169391,0.5170940017756074,-0.3749403970956802
4.422531982421875,68.86829879742916,16.421084453484003,13.896993168347668,0.5101636910557746,0.4075138292465359,-0.35562896290421486
4.43256103515625,68.44921205033552,16.26477386678097,15.347081602729103,0.2146945978209376,0.19891469875648615,-0.2189233214318752
4.442590087890625,66.8717730313319,15.933033286340741,16.340846806209278,0.03362316039949655,0.11804017703421413,-0.15177052413523195
4.452619140625,63.9800758424236,13.594899023999883,17.499827455522894,-0.11939970188438892,0.2035535375382751,0.0989922891497612
4.462648193359375,58.03148650934108,9.790348760066673,19.94241921593534,-0.16361235309839248,0.26912301116622983,0.5952589722782373
4.472677001953125,49.7446707063639,4.897190139612136,23.81197068265227,0.08527794431298971,0.2526891051724553,1.1131786842882632
4.4827060546875,40.07644231356247,-0.4791566600183178,27.06716541654677,0.2214379346013069,0.07334551445692777,1.3594015160560606
4.492735107421875,30.982800169593776,-1.9795685408222312,29.609447202990143,0.15360679965168236,-0.22779329497739673,1.3547206647634504
4.502763916015625,21.600121495423068,-3.1243468789738613,29.38431050756818,0.1326502286016941,-0.4740189032241702,1.3691653697013855
4.51279296875,12.032158572090134,-3.1955291895130298,28.65598011561304,0.14461393037885426,-0.701618867586553,1.422223590672016
4.522822021484375,0.005130119067020876,-4.297043615357918,27.45767465215308,0.12374269952476023,-0.8879922108083963,1.5863970847845077
4.532850830078125,-12.130001885724214,-8.919159838978839,26.382616537171412,-0.039840135218203065,-0.7492015797555446,1.7159575306773185
4.542880126953125,-23.186156307497146,-14.450689283603923,25.2753848161044,-0.06636427726745606,-0.45940191045925016,1.593017379707098
4.5529091796875,-31.95007106928347,-14.565282782403811,23.232171291935522,-0.04282002781182527,-0.3287411021091044,1.2301982130378484
4.56293798828125,-37.60529694732478,-13.538894887900362,18.366076442293515,-0.026001287218928335,-0.43059214169085025,0.7462789703071117
4.572967041015625,-43.63804445626562,-9.007248788704493,13.698549705975765,-0.013287643857300281,-0.6035476388044655,0.6452887853384017
4.5829951171875,-49.31725112848284,-4.738918861730485,9.392277651275514,0.0521080806389451,-0.6346379197254777,0.6196177529871464
4.59302392578125,-55.25600157406596,-3.961925933259943,6.591068942925659,-0.13468465703874827,-0.6252773131188005,0.7969090873479843
4.603052978515625,-63.23632288332257,-2.6853648580450296,5.992947142873526,-0.21357640744596718,-0.36949192243143913,0.8219406527519225
4.613082275390625,-69.95760468701947,-7.780656096796923,6.534313912904261,-0.3301519918203354,-0.07825169893801212,0.7608616224110126
4.623111083984375,-76.47176100413573,-17.314529545982325,9.236120743828804,-0.322903335866332,0.21541998948603866,0.9270043707698583
4.63314013671875,-84.15802559415037,-18.14503615282627,13.657507953026805,0.149379537345469,0.5040480942523107,0.895848185005784
4.643169189453125,-89.94424767028335,-19.774920779371826,18.026662144320778,0.689451752191782,0.5757055460244417,0.6862696150243282
4.653197998046875,-97.39856586627353,-19.561892301801006,20.709401648403585,0.825475841140747,0.5052957927584648,0.8346253622800112
4.66322705078125,-102.69500190721406,-14.98090833113555,22.354556870386,0.8618494692921638,0.5218826242916286,0.6575725128501654
4.673256103515625,-105.84989360559963,-15.498961104208092,22.881488889379558,0.5255000841364265,0.5620754454050213,0.7007657578885554
4.683284912109375,-109.317696760431,-16.0424409640133,24.465151918264347,0.2634291103735566,0.7651366693817079,0.76008303925395
4.69331396484375,-113.18704673656741,-15.376058680282883,28.111468897243164,0.21324586031734943,0.9163589119844138,0.5779390041649342
4.70334326171875,-116.48231931296425,-9.603018869248025,31.121702311649738,0.17861732226759194,0.7613388845339417,0.3724322136670351
4.7133720703125,-119.30553702525401,0.8085105695913012,30.489271190736165,0.10497750103920697,0.5051213129743933,0.21657471247911453
4.723401123046875,-120.16482946435497,9.164051149027769,27.056845000710883,0.13318360482603311,0.2744055546790361,0.1228513036429882
4.73343017578125,-122.20308085609183,13.539860505894273,24.103414854536716,0.35712738476842637,0.08302256660163403,0.5223702616780996
4.743458984375,-125.83441923022082,13.693770281104047,24.479642164588526,0.9050906451255083,0.16736863689199089,0.9529343463182449
4.75348681640625,-131.2986661888794,9.858732614036839,27.996030162533483,1.1628846722215413,0.2815111489005387,1.3055249644398688
4.763515869140625,-138.82940054130367,9.27765768549259,32.74735222090989,0.9852329801157116,0.518236522874236,1.3235831836998462
4.773544921875,-143.06465058146685,10.24579772675417,36.09116353664343,0.6670674864262343,0.5521700643971562,0.9318933118551969
4.783573974609375,-144.32997044596837,13.154647228215662,35.321179236034965,0.39062691878825423,0.3730573598280549,0.4980453832387924
4.79360302734375,-144.04437291601346,14.629409720973769,31.581568703182942,0.25421792217493056,0.20991846946030854,0.22638123622238635
4.8036318359375,-144.6667670739417,13.913775796912036,29.043518218930394,0.30162323195040225,0.06263911926448344,0.22199732204973696
4.813660888671875,-144.4574081155025,11.58890149307111,27.796250544405197,0.42237084131240843,0.06008446634560823,0.31559155154824253
4.82368994140625,-145.7370577168827,8.381696522058766,30.301174611183182,0.20470891811847686,0.06371230145394802,0.4260965838372707
4.83371875,-145.98997962184828,2.2604805610065157,32.29827752826531,0.07682078935205935,0.35878508884757754,0.42537645286917686
4.843747802734375,-144.7144691151051,-10.289440074229613,31.948018597437883,-0.3152706490308046,0.5781269279524683,0.3871317701488733
4.85377685546875,-143.61782760234618,-20.933392579592276,30.09700659651316,-0.4487517754986882,0.6231742764249444,0.342183790397644
4.863805908203125,-141.2011564098339,-24.99212833348751,27.943949970112136,-0.19073241521418094,0.5807151908800006,0.29088848744630813
4.8738349609375,-139.88757442865708,-21.59027236263991,24.778177780378737,0.026051556101441383,0.4166729219317436,0.35738135952949523
4.883864013671875,-138.89785269716555,-19.82422108480098,21.277919274158766,0.159152158819139,0.32750030826777216,0.4925204823374748
4.893892822265625,-139.08267761610608,-22.55079845052422,19.576640387766357,0.16014496924877167,0.36802316505312915,0.5641103852987289
4.903921875,-139.2400861557182,-29.054904144276808,18.58571995807549,0.10157675268501043,0.3218728237748146,0.5346364535331726
4.91394970703125,-139.5444120643773,-37.38217515770797,17.045681347419574,-0.1790221036761999,0.21079086838066577,0.3889876271486282
4.923978759765625,-141.97423820123097,-45.252035232612556,16.556327321692134,-0.1849897799089551,0.15875731428265571,0.3318243089467287
4.934008056640625,-142.27684290221924,-51.78310309811376,15.105187038178517,-0.0964540028437972,0.1254039107352495,0.19551205070614813
4.944036865234375,-141.2447330167386,-53.26946495962984,14.730455539554937,-0.07366875506192445,0.1993354083865881,-0.06667991908788681
4.95406591796875,-138.4489726649123,-50.083642749587874,13.975466065495592,0.07302665776610374,0.46539106787145135,-0.4112970741122961
4.964094970703125,-131.0020174128474,-49.10577139630632,12.62918540744095,0.19803747753053902,0.5413444267392158,-0.7830833910912275
4.974123779296875,-124.09526182223881,-49.62261864099035,11.99689174408442,0.22778964171558616,0.49541561925709243,-0.7560106752485036
4.98415283203125,-119.35250140598701,-49.221707027278114,14.12389973653831,0.2336333993077278,0.7191343582719564,-0.38998306792676446
4.994181884765625,-116.15791264814533,-49.960569570933416,16.69995083201187,0.0967307739585638,0.9517115265250206,-0.20887480562627314
5.004210693359375,-113.26336727035314,-55.051522785788706,16.458650493919073,-0.2117719883725047,0.9468494734466075,-0.07297989601492881
5.01423974609375,-112.93548403924667,-57.56270330584642,15.462221516662593,-0.3966051164150238,0.7431891875982284,0.0912538038522005
5.02426904296875,-113.78308319448858,-56.448713112595684,15.04903434546455,-0.16963117499649524,0.6605524054437876,0.12562602905333042
5.034298095703125,-113.65031797740187,-52.707654579639616,15.805274597915654,0.09191431358754634,0.5303355414688586,0.01023380924463272
5.044326904296875,-110.3895378563136,-48.205668576914526,16.70214161518815,0.3070931877940893,0.42870062885582444,-0.32857962793707846
5.05435595703125,-104.55913811662897,-42.12949814032533,16.43891295476503,0.2693091083228588,0.6362503233581781,-0.7135825693637132
5.064385009765625,-99.56499941816402,-36.379452161131326,15.524606756994197,0.16366028389334678,0.8909306023478507,-0.7534551455467939
5.074413818359375,-99.71102886261889,-29.638468676773524,16.614296844725324,0.0927004955291748,0.8195961354523896,-0.26985855889916416
5.08444287109375,-102.37743226175432,-23.85970687476149,20.400395352615746,0.20529899296611545,0.650568187046051,0.1791685264095664